{"pools": [{"rolls": 1, "entries": [{"type": "minecraft:item", "name": "minecraft:emerald", "functions": [{"function": "minecraft:set_lore", "lore": [{"type": "text", "text": "Awarded to:", "color": "gray", "italic": false}, {"type": "selector", "selector": "@s", "color": "green", "italic": false}], "entity": "this"}, {"function": "minecraft:set_name", "name": {"type": "text", "text": "Traders' Token", "color": "light_purple", "italic": false}}, {"function": "minecraft:set_nbt", "tag": "{Enchantments:[{}]}"}]}]}]}