{"author": "patreon.com/thediamondplayables", "parent": "tdp.504:entry", "display": {"frame": "goal", "title": "Hefty Business", "description": {"type": "text", "text": "Trade for over 1 million times ... because why not?", "color": "yellow"}, "icon": {"item": "minecraft:emerald_block"}, "show_toast": true, "announce_to_chat": true, "hidden": false}, "criteria": {"trade_1mil": {"trigger": "minecraft:location", "conditions": {"player": [{"condition": "minecraft:entity_properties", "entity": "this", "predicate": {"type_specific": {"type": "player", "stats": [{"type": "minecraft:custom", "stat": "minecraft:traded_with_villager", "value": {"min": 1000000}}]}}}]}}}, "rewards": {"experience": 1000000, "function": "tdp.504:reward_trade_1mil", "loot": ["tdp.504:reward_trade_1mil"]}}