{"author": "patreon.com/thediamondplayables", "parent": "tdp.500:entry", "display": {"frame": "task", "title": "Anvil Recipes", "description": {"type": "text", "text": "Repair/Recycle Anvils!", "color": "yellow"}, "icon": {"item": "minecraft:knowledge_book"}, "show_toast": false, "announce_to_chat": false, "hidden": false}, "criteria": {"entry": {"trigger": "minecraft:tick"}}, "rewards": {"recipes": ["tdp.500.2:repair_damaged_anvil", "tdp.500.2:repair_chipped_anvil", "tdp.500.2:recycle_chipped_anvil", "tdp.500.2:recycle_damaged_anvil", "tdp.500.2:recycle_anvil"]}}