{"author": "patreon.com/thediamondplayables", "parent": "tdp.500.2:entry_feature", "display": {"frame": "task", "title": "Forging a split", "description": {"type": "translatable", "translate": "Recycle an %s with the %s!", "with": [{"type": "text", "text": "Anvil", "color": "yellow"}, {"type": "text", "text": "Stonecutter", "color": "gold"}], "color": "green"}, "icon": {"item": "minecraft:stonecutter"}, "show_toast": true, "announce_to_chat": true, "hidden": false}, "criteria": {"recycle_anvil": {"trigger": "minecraft:recipe_crafted", "conditions": {"recipe_id": "tdp.500.2:recycle_anvil"}}, "recycle_chipped_anvil": {"trigger": "minecraft:recipe_crafted", "conditions": {"recipe_id": "tdp.500.2:recycle_chipped_anvil"}}, "recycle_damaged_anvil": {"trigger": "minecraft:recipe_crafted", "conditions": {"recipe_id": "tdp.500.2:recycle_damaged_anvil"}}}, "requirements": [["recycle_anvil", "recycle_chipped_anvil", "recycle_damaged_anvil"]], "rewards": {"experience": 10}}