{"author": "patreon.com/thediamondplayables", "parent": "tdp.500.2:entry_feature", "display": {"frame": "task", "title": "Iron Forge Rebuilt", "description": {"type": "translatable", "translate": "Repair a %s with the %s!", "with": [{"type": "text", "text": "damaged Anvil", "color": "yellow"}, {"type": "text", "text": "Crafting Table", "color": "gold"}], "color": "green"}, "icon": {"item": "minecraft:crafting_table"}, "show_toast": true, "announce_to_chat": true, "hidden": false}, "criteria": {"repair_chipped_anvil": {"trigger": "minecraft:recipe_crafted", "conditions": {"recipe_id": "tdp.500.2:repair_chipped_anvil"}}, "repair_damaged_anvil": {"trigger": "minecraft:recipe_crafted", "conditions": {"recipe_id": "tdp.500.2:repair_damaged_anvil"}}}, "requirements": [["repair_chipped_anvil", "repair_damaged_anvil"]], "rewards": {"experience": 10}}